{"modules":[{"id":"41793d83-9079-4b8b-9603-68030cc350bd","type":"SetLoggingBehavior","branches":[{"condition":"Success","transition":"22e30384-4014-4ad6-9df0-2336c301b712"}],"parameters":[{"name":"LoggingBehavior","value":"Enable"}],"metadata":{"position":{"x":36,"y":247}}},{"id":"22e30384-4014-4ad6-9df0-2336c301b712","type":"SetRecordingBehavior","branches":[{"condition":"Success","transition":"735c42f2-6d8c-4a61-80c8-58c22aab6173"}],"parameters":[{"name":"RecordingBehaviorOption","value":"Enable"},{"name":"RecordingParticipantOption","value":"Both"}],"metadata":{"position":{"x":318,"y":223}}},{"id":"735c42f2-6d8c-4a61-80c8-58c22aab6173","type":"SetVoice","branches":[{"condition":"Success","transition":"5b12d0ca-987d-42e7-943b-914ad5cf4e07"}],"parameters":[{"name":"GlobalVoice","value":"Olivia"},{"name":"GlobalEngine","value":"Neural"},{"name":"SpeakingStyle","value":"None"}],"metadata":{"position":{"x":482,"y":19},"overrideConsoleVoice":true,"defaultVoice":"None"}},{"id":"3368ce9c-5711-4db1-bb04-43b81023362f","type":"CheckAttribute","branches":[{"condition":"Evaluate","conditionType":"Equals","conditionValue":"no","transition":"4d291552-61b0-4e36-9b5c-d972b0c306a2"},{"condition":"NoMatch","transition":"06c3288b-5f5b-4333-9c40-61ecb94f4eeb"}],"parameters":[{"name":"Attribute","value":"CustomerNewAddressSuburb"},{"name":"Namespace","value":"External"}],"metadata":{"position":{"x":1158,"y":17},"conditionMetadata":[{"operator":{"name":"Equals","value":"Equals","shortDisplay":"="},"value":"no","id":"430e574f-1e10-41f4-a82b-67f9a1d23397"}]}},{"id":"5b12d0ca-987d-42e7-943b-914ad5cf4e07","type":"InvokeExternalResource","branches":[{"condition":"Success","transition":"6beee63f-73f9-4176-b662-630c9b21b993"},{"condition":"Error","transition":"6e8a1527-b1ea-4ccc-beda-9589d2ac1543"}],"parameters":[{"name":"FunctionArn","value":"arn:aws:lambda:ap-southeast-2:667541373966:function:crmPlay-au-production","namespace":null},{"name":"TimeLimit","value":"8"}],"metadata":{"position":{"x":712,"y":16},"dynamicMetadata":{},"useDynamic":false},"target":"Lambda"},{"id":"6beee63f-73f9-4176-b662-630c9b21b993","type":"SetAttributes","branches":[{"condition":"Success","transition":"3368ce9c-5711-4db1-bb04-43b81023362f"},{"condition":"Error","transition":"605b0ad6-af3e-4ccf-bf49-6fbd68c44809"}],"parameters":[{"name":"Attribute","value":"AgentUsername","key":"returnedAgentUsername","namespace":"External"},{"name":"Attribute","value":"CustomerFirstName","key":"returnedCustomerFirstName","namespace":"External"},{"name":"Attribute","value":"AgentRoutingProfileId","key":"returnedAgentRoutingProfileId","namespace":"External"},{"name":"Attribute","value":"PartnerAlias","key":"returnedPartnerAlias","namespace":"External"},{"name":"Attribute","value":"CustomerOldAddressSuburb","key":"returnedCustomerOldAddressSuburb","namespace":"External"},{"name":"Attribute","value":"CustomerNewAddressSuburb","key":"returnedCustomerNewAddressSuburb","namespace":"External"},{"name":"Attribute","value":"1","key":"returnedCustomerAnswered","namespace":null}],"metadata":{"position":{"x":933,"y":15},"dynamicParams":["returnedAgentUsername","returnedCustomerFirstName","returnedAgentRoutingProfileId","returnedPartnerAlias","returnedCustomerOldAddressSuburb","returnedCustomerNewAddressSuburb"]}},{"id":"162b2ec5-2b63-4f27-951b-0978bf5ae8a9","type":"GetMetricData","branches":[{"condition":"Success","transition":"87f0a6d8-3f8d-4cb3-af7a-a599b54b9278"},{"condition":"Error","transition":"94c60b40-0130-4fcb-9822-d8bd116f9ad4"}],"parameters":[{"name":"Agent","value":"returnedAgentUsername","namespace":"User Defined","resourceName":null}],"metadata":{"position":{"x":1785,"y":152},"useDynamic":true,"queue":"returnedAgentUsername"}},{"id":"87f0a6d8-3f8d-4cb3-af7a-a599b54b9278","type":"CheckAttribute","branches":[{"condition":"Evaluate","conditionType":"GreaterThanOrEqualTo","conditionValue":"1","transition":"04d20b8d-3dae-4d35-8490-60f6d9064012"},{"condition":"NoMatch","transition":"94c60b40-0130-4fcb-9822-d8bd116f9ad4"}],"parameters":[{"name":"Attribute","value":"Metrics.Agents.Available.Count"},{"name":"Namespace","value":"System"}],"metadata":{"position":{"x":2041,"y":81},"conditionMetadata":[{"operator":{"name":"Is greater or equal","value":"GreaterThanOrEqualTo","shortDisplay":">="},"value":"1","id":"bbe43b7a-2285-4597-a500-b8013b82dd5f"}]}},{"id":"04d20b8d-3dae-4d35-8490-60f6d9064012","type":"SetQueue","branches":[{"condition":"Success","transition":"bfaaf946-f205-4fe2-9ab8-b8bee8c0584f"},{"condition":"Error","transition":"94c60b40-0130-4fcb-9822-d8bd116f9ad4"}],"parameters":[{"name":"Agent","value":"returnedAgentUsername","namespace":"User Defined","resourceName":null}],"metadata":{"position":{"x":2462,"y":58},"useDynamic":true,"queue":"returnedAgentUsername"}},{"id":"bfaaf946-f205-4fe2-9ab8-b8bee8c0584f","type":"SetEventHook","branches":[{"condition":"Success","transition":"304addd8-00a8-4e7f-9ef0-aed85a51628b"},{"condition":"Error","transition":"94c60b40-0130-4fcb-9822-d8bd116f9ad4"}],"parameters":[{"name":"Type","value":"CustomerQueue"},{"name":"ContactFlowId","value":"arn:aws:connect:ap-southeast-2:667541373966:instance/a697b160-0215-46ba-8a9c-2f8d9845ec98/contact-flow/dc10d0ea-5dbc-4432-9241-c500eda9517e","resourceName":"CRM-Play-Custom-Queue-Audio-2"}],"metadata":{"position":{"x":2760,"y":47},"contactFlow":{"id":"arn:aws:connect:ap-southeast-2:667541373966:instance/a697b160-0215-46ba-8a9c-2f8d9845ec98/contact-flow/dc10d0ea-5dbc-4432-9241-c500eda9517e","text":"CRM-Play-Custom-Queue-Audio-2","arn":null,"metricDetail":null,"resourceId":null},"customerOrAgent":true,"useDynamic":false}},{"id":"304addd8-00a8-4e7f-9ef0-aed85a51628b","type":"SetEventHook","branches":[{"condition":"Success","transition":"ee15cde6-9c85-426b-8e55-9bc3a369a3ec"},{"condition":"Error","transition":"ee15cde6-9c85-426b-8e55-9bc3a369a3ec"}],"parameters":[{"name":"Type","value":"AgentWhisper"},{"name":"ContactFlowId","value":"arn:aws:connect:ap-southeast-2:667541373966:instance/a697b160-0215-46ba-8a9c-2f8d9845ec98/contact-flow/122b0d65-e347-48cd-a4a6-a8b751650e3b","resourceName":"CRM-Play-Agent-Whisper"}],"metadata":{"position":{"x":2999,"y":50},"contactFlow":{"id":"arn:aws:connect:ap-southeast-2:667541373966:instance/a697b160-0215-46ba-8a9c-2f8d9845ec98/contact-flow/122b0d65-e347-48cd-a4a6-a8b751650e3b","text":"CRM-Play-Agent-Whisper","arn":null,"metricDetail":null,"resourceId":null},"customerOrAgent":false,"useDynamic":false}},{"id":"4d291552-61b0-4e36-9b5c-d972b0c306a2","type":"PlayPrompt","branches":[{"condition":"Success","transition":"162b2ec5-2b63-4f27-951b-0978bf5ae8a9"},{"condition":"Error","transition":"270611a4-cafd-4370-9cda-7711b6b22fc2"}],"parameters":[{"name":"Text","value":"Hello $.Attributes.returnedCustomerFirstName. This is a call from $.Attributes.returnedPartnerAlias","namespace":null},{"name":"TextToSpeechType","value":"text"}],"metadata":{"position":{"x":1481,"y":273},"useDynamic":false}},{"id":"06c3288b-5f5b-4333-9c40-61ecb94f4eeb","type":"PlayPrompt","branches":[{"condition":"Success","transition":"162b2ec5-2b63-4f27-951b-0978bf5ae8a9"},{"condition":"Error","transition":"270611a4-cafd-4370-9cda-7711b6b22fc2"}],"parameters":[{"name":"Text","value":"Hello $.Attributes.returnedCustomerFirstName. This is a call from $.Attributes.returnedPartnerAlias regarding your property at $.Attributes.returnedCustomerNewAddressSuburb","namespace":null},{"name":"TextToSpeechType","value":"text"}],"metadata":{"position":{"x":1420,"y":544},"useDynamic":false}},{"id":"6e8a1527-b1ea-4ccc-beda-9589d2ac1543","type":"PlayPrompt","branches":[{"condition":"Success","transition":"270611a4-cafd-4370-9cda-7711b6b22fc2"}],"parameters":[{"name":"Text","value":"Lambda error","namespace":null},{"name":"TextToSpeechType","value":"text"}],"metadata":{"position":{"x":847,"y":1510},"useDynamic":false}},{"id":"605b0ad6-af3e-4ccf-bf49-6fbd68c44809","type":"PlayPrompt","branches":[{"condition":"Success","transition":"270611a4-cafd-4370-9cda-7711b6b22fc2"}],"parameters":[{"name":"Text","value":"Error set contact attributes","namespace":null},{"name":"TextToSpeechType","value":"text"}],"metadata":{"position":{"x":1098,"y":1458},"useDynamic":false}},{"id":"ee15cde6-9c85-426b-8e55-9bc3a369a3ec","type":"Transfer","branches":[{"condition":"AtCapacity","transition":"270611a4-cafd-4370-9cda-7711b6b22fc2"},{"condition":"Error","transition":"94c60b40-0130-4fcb-9822-d8bd116f9ad4"}],"parameters":[],"metadata":{"position":{"x":3265,"y":53},"useDynamic":false,"queue":null},"target":"Queue"},{"id":"270611a4-cafd-4370-9cda-7711b6b22fc2","type":"Disconnect","branches":[],"parameters":[],"metadata":{"position":{"x":4591,"y":739}}},{"id":"94c60b40-0130-4fcb-9822-d8bd116f9ad4","type":"CheckStaffing","branches":[{"condition":"True","transition":"4d9b5566-6999-486a-9a1a-ec78fa6f7465"},{"condition":"False","transition":"59ca0739-8ce3-4c98-88a4-9aafea6dd3c1"},{"condition":"Error","transition":"59ca0739-8ce3-4c98-88a4-9aafea6dd3c1"}],"parameters":[{"name":"Status","value":"Available"},{"name":"Queue","value":"arn:aws:connect:ap-southeast-2:667541373966:instance/a697b160-0215-46ba-8a9c-2f8d9845ec98/queue/9102f6a6-dedb-4bad-8e9c-b943b10c6706","namespace":null,"resourceName":"QUEUE_INBOUND_DEFAULT"}],"metadata":{"position":{"x":3329,"y":840},"useDynamic":false,"queue":{"id":"arn:aws:connect:ap-southeast-2:667541373966:instance/a697b160-0215-46ba-8a9c-2f8d9845ec98/queue/9102f6a6-dedb-4bad-8e9c-b943b10c6706","text":"QUEUE_INBOUND_DEFAULT","arn":null,"metricDetail":null,"resourceId":null}}},{"id":"4d9b5566-6999-486a-9a1a-ec78fa6f7465","type":"SetQueue","branches":[{"condition":"Success","transition":"65fad154-6f20-44c1-ac24-25f83c7a5767"},{"condition":"Error","transition":"59ca0739-8ce3-4c98-88a4-9aafea6dd3c1"}],"parameters":[{"name":"Queue","value":"arn:aws:connect:ap-southeast-2:667541373966:instance/a697b160-0215-46ba-8a9c-2f8d9845ec98/queue/9102f6a6-dedb-4bad-8e9c-b943b10c6706","namespace":null,"resourceName":"QUEUE_INBOUND_DEFAULT"}],"metadata":{"position":{"x":3575,"y":839},"useDynamic":false,"queue":{"id":"arn:aws:connect:ap-southeast-2:667541373966:instance/a697b160-0215-46ba-8a9c-2f8d9845ec98/queue/9102f6a6-dedb-4bad-8e9c-b943b10c6706","text":"QUEUE_INBOUND_DEFAULT"}}},{"id":"d75eb591-9d8d-4f35-b2b6-cafba8e5f29e","type":"Transfer","branches":[{"condition":"AtCapacity","transition":"270611a4-cafd-4370-9cda-7711b6b22fc2"},{"condition":"Error","transition":"59ca0739-8ce3-4c98-88a4-9aafea6dd3c1"}],"parameters":[],"metadata":{"position":{"x":4339,"y":818},"useDynamic":false,"queue":null},"target":"Queue"},{"id":"59ca0739-8ce3-4c98-88a4-9aafea6dd3c1","type":"PlayPrompt","branches":[{"condition":"Success","transition":"270611a4-cafd-4370-9cda-7711b6b22fc2"},{"condition":"Error","transition":"270611a4-cafd-4370-9cda-7711b6b22fc2"}],"parameters":[{"name":"Text","value":"We're sorry your call cannot be completed at this time as we are experiencing unusually high call volume. Please hang up and we will try to call you call again.","namespace":null},{"name":"TextToSpeechType","value":"text"}],"metadata":{"position":{"x":4136,"y":1278},"useDynamic":false}},{"id":"65fad154-6f20-44c1-ac24-25f83c7a5767","type":"SetEventHook","branches":[{"condition":"Success","transition":"960887f5-cfa1-4aa8-896b-4cf8e123c18f"},{"condition":"Error","transition":"59ca0739-8ce3-4c98-88a4-9aafea6dd3c1"}],"parameters":[{"name":"Type","value":"CustomerQueue"},{"name":"ContactFlowId","value":"arn:aws:connect:ap-southeast-2:667541373966:instance/a697b160-0215-46ba-8a9c-2f8d9845ec98/contact-flow/e6230a6e-9d17-4b63-b844-8075e6990a09","resourceName":"CRM-Play-Custom-Queue-Audio"}],"metadata":{"position":{"x":3815,"y":819},"contactFlow":{"id":"arn:aws:connect:ap-southeast-2:667541373966:instance/a697b160-0215-46ba-8a9c-2f8d9845ec98/contact-flow/e6230a6e-9d17-4b63-b844-8075e6990a09","text":"CRM-Play-Custom-Queue-Audio","arn":null,"metricDetail":null,"resourceId":null},"customerOrAgent":false,"useDynamic":false}},{"id":"960887f5-cfa1-4aa8-896b-4cf8e123c18f","type":"SetEventHook","branches":[{"condition":"Success","transition":"d75eb591-9d8d-4f35-b2b6-cafba8e5f29e"},{"condition":"Error","transition":"d75eb591-9d8d-4f35-b2b6-cafba8e5f29e"}],"parameters":[{"name":"Type","value":"AgentWhisper"},{"name":"ContactFlowId","value":"arn:aws:connect:ap-southeast-2:667541373966:instance/a697b160-0215-46ba-8a9c-2f8d9845ec98/contact-flow/122b0d65-e347-48cd-a4a6-a8b751650e3b","resourceName":"CRM-Play-Agent-Whisper"}],"metadata":{"position":{"x":4066,"y":818},"contactFlow":{"id":"arn:aws:connect:ap-southeast-2:667541373966:instance/a697b160-0215-46ba-8a9c-2f8d9845ec98/contact-flow/122b0d65-e347-48cd-a4a6-a8b751650e3b","text":"CRM-Play-Agent-Whisper","arn":null,"metricDetail":null,"resourceId":null},"customerOrAgent":false,"useDynamic":false}}],"version":"1","start":"41793d83-9079-4b8b-9603-68030cc350bd","metadata":{"entryPointPosition":{"x":15,"y":21},"snapToGrid":false,"name":"CRM-Play","description":null,"type":"contactFlow","status":"published","hash":"8b066a8eae409f74ac9c7f218140f823d005fcd3b41334caa5a50868f915ceb0"},"type":"contactFlow"}