{
    "Details":
    {
        "ContactData":
        {
            "Attributes":
            {
                "Customer Number": "+13152032615",
                "Dialed Number": "+18339862195"
            },
            "Channel": "VOICE",
            "ContactId": "6b5ef92e-cd48-40fc-b856-ccd82e7fae72",
            "CustomerEndpoint":
            {
                "Address": "+13152032615",
                "Type": "TELEPHONE_NUMBER"
            },
            "CustomerId": null,
            "Description": null,
            "InitialContactId": "88f0f029-301c-4bfb-9360-85c08209ccb7",
            "InitiationMethod": "INBOUND",
            "InstanceARN": "arn:aws:connect:ap-southeast-2:667541373966:instance/4baf5c17-a37c-4b90-b4b9-3623bcf40411",
            "LanguageCode": "en-US",
            "MediaStreams":
            {
                "Customer":
                {
                    "Audio": null
                }
            },
            "Name": null,
            "PreviousContactId": null,
            "Queue": null,
            "References":
            {},
            "SystemEndpoint":
            {
                "Address": "+18339862195",
                "Type": "TELEPHONE_NUMBER"
            }
        },
        "Parameters":
        {}
    },
    "Name": "ContactFlowEvent"
}
